{"cameraMode":{"drawMode":0,"name":"Shaded","section":"Shading Mode"},"sceneLighting":true,"audioPlay":false,"sceneViewState":{"showFog":true,"showMaterialUpdate":false,"showSkybox":true,"showFlares":true,"showImageEffects":true,"showParticleSystems":true},"in2DMode":false,"pivot":{"x":2.1849265098571779,"y":0.8126013278961182,"z":-1.0120950937271119},"rotation":{"x":0.34697479009628298,"y":0.18124301731586457,"z":-0.06853096932172775,"w":0.917640745639801},"size":4.9720540046691898,"orthographic":false}